MATCH_PLAYED,BATSMAN,RUNS_SCORED,BALL_FACED,STRIKE_RATE,BATTING_AVG,GOT_OUT,NOT_OUT,FOURS,SIXES,BOUNDARY_PERCENTAGE
23,"A Ashish Reddy",280,196,142.86,18.67,15,8,16,15,55.00
2,"A Chandila",4,7,57.14,4.00,1,1,0,0,0.00
6,"A Chopra",53,75,70.67,10.60,5,1,7,0,52.83
3,"A Choudhary",25,20,125.00,12.50,2,1,1,1,40.00
1,"A Dananjaya",4,5,80.00,NULL,0,1,0,0,0.00
3,"A Flintoff",62,57,108.77,31.00,2,1,5,2,51.61
15,"A Kumble",35,49,71.43,17.50,2,13,3,0,34.29
54,"A Mishra",362,410,88.29,12.07,30,24,29,5,40.33
6,"A Mithun",34,26,130.77,6.80,5,1,4,1,64.71
2,"A Mukund",19,23,82.61,9.50,2,0,1,0,21.05
17,"A Nehra",41,63,65.08,5.13,8,9,3,1,43.90
3,"A Nortje",7,6,116.67,7.00,1,2,0,0,0.00
5,"A Singh",2,10,20.00,0.50,4,1,0,0,0.00
36,"A Symonds",974,781,124.71,37.46,26,10,74,41,55.65
2,"A Uniyal",4,7,57.14,4.00,1,1,0,0,0.00
2,"A Zampa",5,8,62.50,2.50,2,0,1,0,80.00
7,"AA Bilakhia",69,88,78.41,13.80,5,2,5,0,28.99
3,"AA Chavan",12,11,109.09,12.00,1,2,2,0,66.67
15,"AA Jhunjhunwala",217,218,99.54,15.50,14,1,19,5,48.85
1,"AA Noffke",9,12,75.00,9.00,1,0,1,0,44.44
18,"AB Agarkar",179,160,111.88,22.38,8,10,13,5,45.81
3,"AB Barath",42,43,97.67,21.00,2,1,5,1,61.90
156,"AB de Villiers",4849,3264,148.56,42.54,114,42,390,235,61.25
16,"AB Dinda",26,50,52.00,2.89,9,7,2,0,30.77
9,"AB McDonald",123,103,119.42,24.60,5,4,9,4,48.78
7,"Abdul Samad",111,66,168.18,22.20,5,2,8,6,61.26
1,"Abdur Razzak",0,2,0.00,NULL,0,1,0,0,NULL
13,"Abhishek Sharma",143,104,137.50,17.88,8,5,10,8,61.54
7,"AC Blizzard",120,91,131.87,17.14,7,0,21,2,80.00
80,"AC Gilchrist",2069,1555,133.05,27.22,76,4,239,92,72.89
4,"AC Thomas",20,19,105.26,10.00,2,2,1,1,50.00
7,"AC Voges",181,143,126.57,30.17,6,1,15,3,43.09
6,"AD Hales",148,119,124.37,24.67,6,0,13,6,59.46
11,"AD Mascarenhas",79,79,100.00,7.90,10,1,5,1,32.91
41,"AD Mathews",724,599,120.87,23.35,31,10,44,29,48.34
10,"AD Nath",90,99,90.91,9.00,10,0,7,2,44.44
61,"AD Russell",1517,882,172.00,30.34,50,11,105,129,78.71
3,"AF Milne",7,12,58.33,2.33,3,0,0,0,0.00
3,"AG Murtaza",10,14,71.43,10.00,1,2,1,0,40.00
5,"AG Paunikar",49,61,80.33,9.80,5,0,9,0,73.47
85,"AJ Finch",2005,1622,123.61,25.71,78,7,204,75,63.14
4,"AJ Turner",3,11,27.27,1.00,3,1,0,0,0.00
13,"AJ Tye",91,79,115.19,11.38,8,5,6,5,59.34
23,"AL Menaria",401,367,109.26,18.23,22,1,24,18,50.87
50,"AM Nayar",672,588,114.29,17.23,39,11,55,20,50.60
140,"AM Rahane",3933,3325,118.29,31.46,125,15,416,76,53.90
6,"AN Ahmed",36,27,133.33,36.00,1,5,4,1,61.11
2,"AN Ghosh",7,8,87.50,3.50,2,0,1,0,57.14
4,"Anirudh Singh",63,69,91.30,15.75,4,0,6,1,47.62
10,"Ankit Sharma",87,69,126.09,12.43,7,3,7,4,59.77
3,"Ankit Soni",7,9,77.78,3.50,2,1,0,1,85.71
8,"Anureet Singh",36,47,76.60,9.00,4,4,2,1,38.89
2,"AP Dole",34,23,147.83,17.00,2,0,3,1,52.94
4,"AP Majumdar",87,77,112.99,21.75,4,0,7,2,45.98
27,"AP Tare",339,285,118.95,14.13,24,3,40,11,66.67
1,"AR Bawne",12,12,100.00,NULL,0,1,1,0,33.33
71,"AR Patel",913,745,122.55,17.90,51,20,53,43,51.48
1,"Arshdeep Singh",0,3,0.00,0.00,1,0,0,0,NULL
1,"AS Joseph",15,13,115.38,NULL,0,1,2,0,53.33
7,"AS Rajpoot",26,41,63.41,6.50,4,3,2,1,53.85
16,"AS Raut",194,172,112.79,17.64,11,5,13,7,48.45
6,"AS Yadav",49,40,122.50,7.00,7,-1,5,2,65.31
3,"AT Carey",32,29,110.34,16.00,2,1,0,1,18.75
149,"AT Rayudu",3659,2970,123.20,29.75,123,26,308,132,55.32
7,"AUK Pathan",39,26,150.00,7.80,5,2,5,2,82.05
1,"Avesh Khan",4,3,133.33,NULL,0,1,1,0,100.00
21,"Azhar Mahmood",388,311,124.76,20.42,19,2,39,13,60.31
11,"B Akhil",76,57,133.33,10.86,7,4,5,5,65.79
21,"B Chipli",280,256,109.38,17.50,16,5,28,7,55.00
42,"B Kumar",183,199,91.96,7.63,24,18,17,3,46.99
4,"B Laughlin",5,13,38.46,2.50,2,2,0,0,0.00
19,"B Lee",124,102,121.57,12.40,10,9,8,8,64.52
1,"B Stanlake",5,2,250.00,NULL,0,1,1,0,80.00
4,"B Sumanth",35,38,92.11,35.00,1,3,3,0,34.29
2,"BA Bhatt",6,7,85.71,NULL,0,2,0,1,100.00
40,"BA Stokes",920,700,131.43,24.21,38,2,79,32,55.22
7,"Basil Thampi",32,37,86.49,16.00,2,5,1,1,31.25
3,"BAW Mendis",3,6,50.00,1.50,2,1,0,0,0.00
109,"BB McCullum",2880,2267,127.04,27.17,106,3,293,130,67.78
8,"BB Samantray",125,116,107.76,25.00,5,3,13,2,51.20
7,"BB Sran",10,14,71.43,10.00,1,6,0,0,0.00
17,"BCJ Cutting",238,146,163.01,21.64,11,6,15,19,73.11
2,"BE Hendricks",1,3,33.33,1.00,1,1,0,0,0.00
17,"Bipul Sharma",187,124,150.81,31.17,6,11,11,9,52.41
1,"BJ Haddin",18,11,163.64,18.00,1,0,2,1,77.78
63,"BJ Hodge",1400,1153,121.42,30.43,46,17,122,43,53.29
8,"BJ Rohrer",193,145,133.10,32.17,6,2,21,5,59.07
3,"BMAJ Mendis",23,27,85.19,7.67,3,0,0,0,0.00
3,"BR Dunk",40,36,111.11,13.33,3,0,7,0,70.00
21,"C de Grandhomme",303,229,132.31,20.20,15,6,18,18,59.41
1,"C Madan",15,21,71.43,15.00,1,0,3,0,80.00
11,"C Munro",177,144,122.92,19.67,9,2,19,8,70.06
1,"C Nanda",0,1,0.00,0.00,1,0,0,0,NULL
15,"CA Ingram",205,183,112.02,17.08,12,3,22,5,57.56
41,"CA Lynn",1280,938,136.46,34.59,37,4,128,63,69.53
22,"CA Pujara",390,403,96.77,21.67,18,4,50,4,57.44
131,"CH Gayle",4772,3342,142.79,41.14,116,15,384,349,76.07
42,"CH Morris",551,360,153.06,22.96,24,18,39,30,60.98
29,"CJ Anderson",538,436,123.39,24.45,22,7,40,31,64.31
8,"CJ Ferguson",98,119,82.35,16.33,6,2,9,0,36.73
6,"CJ Jordan",32,38,84.21,8.00,4,2,2,0,25.00
1,"CJ McKay",8,15,53.33,8.00,1,0,0,0,0.00
3,"CK Kapugedera",16,24,66.67,5.33,3,0,0,0,0.00
2,"CK Langeveldt",8,9,88.89,4.00,2,0,0,1,75.00
45,"CL White",954,769,124.06,27.26,35,10,76,36,54.51
13,"CM Gautam",169,158,106.96,18.78,9,4,17,6,61.54
14,"CR Brathwaite",181,120,150.83,12.93,14,0,10,16,75.14
11,"CR Woakes",63,66,95.45,12.60,5,6,5,2,50.79
2,"CRD Fernando",4,3,133.33,4.00,1,1,0,0,0.00
3,"CV Varun",10,16,62.50,5.00,2,1,0,0,0.00
1,"D du Preez",10,13,76.92,10.00,1,0,0,0,0.00
1,"D Kalyankrishna",3,8,37.50,3.00,1,0,0,0,0.00
15,"D Padikkal",473,398,118.84,33.79,14,1,51,8,53.28
3,"D Salunkhe",33,24,137.50,33.00,1,2,5,0,60.61
8,"D Wiese",127,94,135.11,25.40,5,3,12,4,56.69
77,"DA Miller",1850,1374,134.64,34.26,54,23,126,87,55.46
142,"DA Warner",5254,3819,137.58,41.70,126,16,510,195,61.10
1,"DAJ Bracewell",12,9,133.33,NULL,0,1,1,0,33.33
22,"DB Das",304,267,113.86,25.33,12,10,23,16,61.84
25,"DB Ravi Teja",375,325,115.38,18.75,20,5,35,9,51.73
4,"DE Bollinger",21,23,91.30,21.00,1,3,1,1,47.62
17,"DH Yagnik",170,142,119.72,18.89,9,8,23,2,61.18
101,"DJ Bravo",1490,1199,124.27,22.92,65,36,116,61,55.70
4,"DJ Harris",111,103,107.77,37.00,3,1,11,5,66.67
50,"DJ Hooda",625,504,124.01,17.86,35,15,32,29,48.32
61,"DJ Hussey",1322,1101,120.07,26.98,49,12,90,60,54.46
7,"DJ Jacobs",92,101,91.09,13.14,7,0,10,4,69.57
1,"DJ Muthuswami",1,3,33.33,1.00,1,0,0,0,0.00
4,"DJ Thornely",39,54,72.22,13.00,3,1,2,2,51.28
20,"DJG Sammy",295,251,117.53,19.67,15,5,15,18,56.95
7,"DJM Short",115,102,112.75,16.43,7,0,11,5,64.35
10,"DL Chahar",78,58,134.48,11.14,7,3,2,6,56.41
16,"DL Vettori",121,118,102.54,17.29,7,9,11,2,46.28
1,"DM Bravo",6,5,120.00,NULL,0,1,1,0,66.67
2,"DNT Zoysa",11,9,122.22,11.00,1,1,1,0,36.36
2,"DP Nannes",4,13,30.77,4.00,1,1,0,0,0.00
1,"DP Vijaykumar",1,1,100.00,NULL,0,1,0,0,0.00
78,"DPMD Jayawardene",1802,1520,118.55,28.60,63,15,200,39,57.38
1,"DR Martyn",19,26,73.08,9.50,2,-1,1,0,21.05
1,"DR Sams",0,2,0.00,0.00,1,0,0,0,NULL
2,"DR Shorey",13,20,65.00,6.50,2,0,0,1,46.15
88,"DR Smith",2385,1803,132.28,29.44,81,7,245,117,70.52
20,"DS Kulkarni",104,113,92.04,11.56,9,11,7,2,38.46
2,"DS Lehmann",18,19,94.74,9.00,2,0,3,0,66.67
34,"DT Christian",446,384,116.15,18.58,24,10,22,19,45.29
2,"DT Patil",13,13,100.00,13.00,1,1,1,0,30.77
33,"DW Steyn",167,163,102.45,7.59,22,11,14,3,44.31
16,"E Lewis",430,343,125.36,26.88,16,0,36,26,69.77
59,"EJG Morgan",1272,1037,122.66,25.96,49,10,104,58,60.06
2,"ER Dwivedi",24,15,160.00,12.00,2,0,2,2,83.33
3,"F Behardien",14,13,107.69,7.00,2,1,2,0,57.14
77,"F du Plessis",2302,1828,125.93,34.36,67,10,205,73,54.65
2,"FH Edwards",4,5,80.00,4.00,1,1,0,0,0.00
11,"FY Fazal",183,179,102.23,20.33,9,2,22,1,51.37
151,"G Gambhir",4217,3524,119.67,31.24,135,16,492,59,55.06
4,"GB Hogg",22,22,100.00,11.00,2,2,1,0,18.18
29,"GC Smith",739,691,106.95,24.63,30,-1,94,9,58.19
3,"GC Viljoen",3,7,42.86,1.50,2,1,0,0,0.00
2,"GD McGrath",4,5,80.00,4.00,1,1,1,0,100.00
23,"GH Vihari",284,331,85.80,14.20,20,3,23,1,34.51
36,"GJ Bailey",663,552,120.11,22.86,29,7,59,19,52.79
78,"GJ Maxwell",1505,1013,148.57,21.81,69,9,119,91,67.91
1,"GR Napier",15,16,93.75,15.00,1,0,1,0,26.67
32,"Gurkeerat Singh",511,436,117.20,18.93,27,5,55,11,55.97
1,"H Das",2,5,40.00,2.00,1,0,0,0,0.00
6,"H Klaasen",66,58,113.79,13.20,5,1,5,1,39.39
86,"Harbhajan Singh",829,632,131.17,14.80,56,30,79,42,68.52
4,"Harmeet Singh",18,12,150.00,9.00,2,2,3,0,66.67
1,"Harpreet Brar",20,14,142.86,NULL,0,1,2,1,70.00
3,"Harpreet Singh",20,26,76.92,10.00,2,1,0,0,0.00
1,"HF Gurney",1,5,20.00,NULL,0,1,0,0,0.00
36,"HH Gibbs",886,837,105.85,27.69,32,4,83,31,58.47
74,"HH Pandya",1349,897,150.39,28.70,47,27,86,93,66.86
16,"HM Amla",577,418,138.04,44.38,13,3,60,21,63.43
17,"HV Patel",128,99,129.29,11.64,11,6,5,9,57.81
1,"I Malhotra",7,4,175.00,NULL,0,1,1,0,57.14
18,"I Sharma",55,62,88.71,7.86,7,11,4,2,50.91
4,"I Udana",15,11,136.36,5.00,3,1,1,1,66.67
1,"IC Pandey",0,2,0.00,0.00,1,0,0,0,NULL
82,"IK Pathan",1139,981,116.11,21.49,53,29,87,37,50.04
8,"Imran Tahir",33,37,89.19,8.25,4,4,5,0,60.61
13,"Iqbal Abdulla",88,86,102.33,88.00,1,12,9,1,47.73
7,"IR Jaggi",76,100,76.00,15.20,5,2,6,0,31.58
2,"IS Sodhi",7,18,38.89,3.50,2,0,0,0,0.00
46,"Ishan Kishan",1211,907,133.52,30.28,40,6,100,64,64.74
3,"J Arunkumar",23,24,95.83,7.67,3,0,5,0,86.96
28,"J Botha",409,364,112.36,18.59,22,6,39,5,45.48
6,"J Suchith",54,48,112.50,27.00,2,4,4,2,51.85
5,"J Syed Mohammad",29,27,107.41,14.50,2,3,4,0,55.17
4,"J Theron",10,13,76.92,5.00,2,2,1,0,40.00
2,"J Yadav",6,12,50.00,NULL,0,2,0,0,0.00
67,"JA Morkel",974,711,136.99,24.35,40,27,61,55,58.93
4,"Jaskaran Singh",8,11,72.73,4.00,2,2,0,0,0.00
21,"JC Archer",195,128,152.34,15.00,13,8,11,14,65.64
57,"JC Buttler",1714,1184,144.76,35.71,48,9,167,77,65.93
29,"JD Ryder",604,466,129.61,20.83,29,0,69,19,64.57
13,"JD Unadkat",64,67,95.52,8.00,8,5,6,1,46.88
11,"JDP Oram",106,110,96.36,13.25,8,3,6,5,50.94
6,"JDS Neesham",61,64,95.31,12.20,5,1,3,2,39.34
2,"JE Taylor",3,4,75.00,NULL,0,2,0,0,0.00
16,"JEC Franklin",327,309,105.83,29.73,11,5,25,9,47.09
95,"JH Kallis",2427,2291,105.94,27.27,89,6,255,44,52.90
11,"JJ Bumrah",40,42,95.24,10.00,4,7,2,1,35.00
8,"JJ Roy",179,139,128.78,29.83,6,2,18,8,67.04
3,"JJ van der Wath",18,17,105.88,9.00,2,1,1,1,55.56
1,"JL Denly",0,1,0.00,0.00,1,0,0,0,NULL
2,"JL Pattinson",15,13,115.38,15.00,1,1,2,0,53.33
21,"JM Bairstow",790,576,137.15,39.50,20,1,79,31,63.54
2,"JM Kemp",26,25,104.00,13.00,2,0,1,1,38.46
9,"JO Holder",104,86,120.93,14.86,7,2,9,5,63.46
5,"Joginder Sharma",36,30,120.00,9.00,4,1,1,2,44.44
75,"JP Duminy",2029,1680,120.77,41.41,49,26,126,79,48.20
45,"JP Faulkner",527,405,130.12,19.52,27,18,36,23,53.51
2,"JPR Scantlebury-Searles",8,6,133.33,8.00,1,1,0,1,75.00
19,"JR Hopes",417,314,132.80,24.53,17,2,49,11,62.83
5,"JR Philippe",78,80,97.50,19.50,4,1,9,1,53.85
16,"K Goel",218,239,91.21,15.57,14,2,17,9,55.96
19,"K Gowtham",186,113,164.60,14.31,13,6,13,12,66.67
13,"K Rabada",125,135,92.59,13.89,9,4,9,4,48.00
2,"K Upadhyay",12,9,133.33,NULL,0,2,0,1,50.00
144,"KA Pollard",3023,2107,143.47,28.52,106,38,196,198,65.23
1,"KAJ Roach",10,9,111.11,10.00,1,0,1,0,40.00
6,"Kamran Akmal",128,78,164.10,32.00,4,2,13,8,78.13
1,"Kamran Khan",3,5,60.00,3.00,1,0,0,0,0.00
4,"Karanveer Singh",12,17,70.59,12.00,1,3,1,0,33.33
2,"Kartik Tyagi",4,6,66.67,4.00,1,1,0,0,0.00
8,"KB Arun Karthik",51,53,96.23,10.20,5,3,4,1,43.14
5,"KC Cariappa",24,21,114.29,8.00,3,2,0,2,50.00
68,"KC Sangakkara",1687,1424,118.47,24.45,69,-1,195,27,55.84
176,"KD Karthik",3823,3023,126.46,25.15,152,24,377,105,55.92
57,"KH Pandya",1000,727,137.55,26.32,38,19,95,40,62.00
3,"KJ Abbott",13,8,162.50,13.00,1,2,0,1,46.15
2,"KK Ahmed",0,3,0.00,0.00,2,0,0,0,NULL
12,"KK Cooper",116,70,165.71,12.89,9,3,9,8,72.41
66,"KK Nair",1480,1174,126.06,23.49,63,3,160,39,59.05
6,"KL Nagarkoti",22,32,68.75,7.33,3,3,1,0,18.18
72,"KL Rahul",2647,1990,133.02,42.69,62,10,234,104,58.93
75,"KM Jadhav",1141,947,120.49,22.82,50,25,99,38,54.69
5,"KMA Paul",18,26,69.23,4.50,4,1,1,1,55.56
1,"KMDN Kulasekara",5,3,166.67,NULL,0,1,1,0,80.00
3,"KP Appanna",2,4,50.00,2.00,1,2,0,0,0.00
36,"KP Pietersen",1001,758,132.06,34.52,29,7,91,40,60.34
52,"KS Williamson",1619,1222,132.49,39.49,41,11,137,54,53.86
10,"Kuldeep Yadav",57,76,75.00,14.25,4,6,5,0,35.09
34,"KV Sharma",317,285,111.23,15.10,21,13,18,14,49.21
4,"KW Richardson",36,39,92.31,12.00,3,1,2,1,38.89
1,"L Ablish",0,2,0.00,NULL,0,1,0,0,NULL
13,"L Balaji",36,50,72.00,5.14,7,6,2,1,38.89
5,"L Ronchi",34,37,91.89,11.33,3,2,6,1,88.24
5,"LA Carseldine",81,71,114.08,27.00,3,2,11,0,54.32
16,"LA Pomersbach",302,251,120.32,27.45,11,5,25,13,58.94
2,"LE Plunkett",1,3,33.33,1.00,1,1,0,0,0.00
3,"LH Ferguson",44,30,146.67,44.00,1,2,4,1,50.00
5,"LJ Wright",106,63,168.25,26.50,4,1,16,3,77.36
29,"LMP Simmons",1079,878,122.89,39.96,27,2,109,44,64.87
3,"LPC Silva",40,27,148.15,20.00,2,1,5,1,65.00
33,"LR Shukla",405,358,113.13,13.97,29,4,33,16,56.30
54,"LRPL Taylor",1017,847,120.07,24.80,41,13,66,46,53.10
4,"LS Livingstone",70,48,145.83,23.33,3,1,6,5,77.14
6,"M Ashwin",8,12,66.67,2.00,4,2,0,0,0.00
1,"M de Lange",1,2,50.00,1.00,1,0,0,0,0.00
22,"M Kaif",259,258,100.39,16.19,16,6,22,6,47.88
14,"M Kartik",113,109,103.67,16.14,7,7,7,1,30.09
4,"M Klinger",73,78,93.59,18.25,4,0,9,0,49.32
38,"M Manhas",514,486,105.76,21.42,24,14,43,10,45.14
7,"M Markande",27,30,90.00,9.00,3,4,3,0,44.44
20,"M Morkel",126,93,135.48,11.45,11,9,11,5,58.73
9,"M Muralitharan",20,30,66.67,3.33,6,3,1,0,20.00
2,"M Ntini",11,19,57.89,11.00,1,1,2,0,72.73
4,"M Prasidh Krishna",3,11,27.27,3.00,1,3,0,0,0.00
11,"M Rawat",55,70,78.57,11.00,5,6,4,1,40.00
105,"M Vijay",2619,2208,118.61,27.00,97,8,247,91,58.57
45,"M Vohra",1012,800,126.50,24.10,42,3,97,39,61.46
83,"MA Agarwal",1690,1310,129.01,21.67,78,5,161,67,61.89
3,"MA Khote",24,22,109.09,12.00,2,1,2,1,58.33
11,"MA Starc",96,98,97.96,16.00,6,5,10,0,41.67
1,"MA Wood",1,5,20.00,1.00,1,0,0,0,0.00
90,"Mandeep Singh",1659,1364,121.63,21.27,78,12,170,37,54.37
1,"Mashrafe Mortaza",2,2,100.00,NULL,0,1,0,0,0.00
50,"MC Henriques",969,769,126.01,27.69,35,15,87,27,52.63
7,"MC Juneja",125,134,93.28,17.86,7,0,11,1,40.00
17,"MD Mishra",237,213,111.27,15.80,15,2,24,8,60.76
2,"MDKJ Perera",14,13,107.69,7.00,2,0,3,0,85.71
58,"MEK Hussey",1977,1648,119.96,38.02,52,6,198,52,55.84
14,"MF Maharoof",177,124,142.74,17.70,10,4,12,9,57.63
28,"MG Johnson",167,168,99.40,11.93,14,14,10,7,49.10
8,Misbah-ul-Haq,117,82,142.68,13.00,9,-1,10,6,64.96
6,"MJ Clarke",98,96,102.08,16.33,6,0,12,0,48.98
13,"MJ Guptill",270,196,137.76,22.50,12,1,24,15,68.89
12,"MJ Lumb",278,198,140.40,27.80,10,2,45,6,77.70
20,"MJ McClenaghan",85,73,116.44,7.73,11,9,5,7,72.94
2,"MJ Santner",32,25,128.00,32.00,1,1,0,3,56.25
6,"MK Lomror",87,78,111.54,17.40,5,1,5,3,43.68
134,"MK Pandey",3268,2772,117.89,29.98,109,25,288,93,52.33
83,"MK Tiwary",1695,1489,113.83,27.79,61,22,156,40,50.97
32,"ML Hayden",1107,838,132.10,41.00,27,5,121,44,67.57
17,"MM Ali",309,199,155.28,23.77,13,4,21,23,71.84
12,"MM Patel",39,41,95.12,7.80,5,7,5,0,51.28
25,"MM Sharma",122,120,101.67,8.71,14,11,9,4,49.18
14,"MN Samuels",161,174,92.53,13.42,12,2,9,7,48.45
5,"MN van Wyk",167,135,123.70,55.67,3,2,19,1,49.10
1,"Mohammad Ashraful",2,12,16.67,2.00,1,0,0,0,0.00
2,"Mohammad Asif",3,6,50.00,1.50,2,0,0,0,0.00
8,"Mohammad Hafeez",64,84,76.19,8.00,8,0,7,2,62.50
11,"Mohammad Nabi",146,102,143.14,16.22,9,2,13,7,64.38
18,"Mohammed Shami",56,57,98.25,5.60,10,8,5,2,57.14
9,"Mohammed Siraj",46,52,88.46,9.20,5,4,4,1,47.83
42,"MP Stoinis",825,623,132.42,27.50,30,12,65,34,56.24
15,"MR Marsh",225,202,111.39,17.31,13,2,9,14,53.33
39,"MS Bisla",798,737,108.28,21.57,37,2,93,23,63.91
182,"MS Dhoni",4632,3493,132.61,36.76,126,56,313,216,55.01
15,"MS Gony",99,76,130.26,11.00,9,6,6,8,72.73
3,"MS Wade",22,33,66.67,7.33,3,0,0,0,0.00
5,"Mujeeb Ur Rahman",11,14,78.57,3.67,3,2,2,0,72.73
1,"Mustafizur Rahman",1,3,33.33,1.00,1,0,0,0,0.00
23,"MV Boucher",394,318,123.90,26.27,15,8,32,13,52.28
2,"N Jagadeesan",33,31,106.45,16.50,2,0,4,0,48.48
20,"N Pooran",521,323,161.30,30.65,17,3,33,39,70.25
55,"N Rana",1437,1093,131.47,27.11,53,2,127,72,65.41
10,"N Saini",140,143,97.90,12.73,11,-1,16,0,45.71
5,"NA Saini",29,31,93.55,14.50,2,3,3,0,41.38
1,"ND Doshi",0,13,0.00,0.00,1,0,0,0,NULL
6,"Niraj Patel",121,124,97.58,24.20,5,1,14,1,51.24
3,"NJ Maddinson",20,21,95.24,6.67,3,0,4,0,80.00
1,"NJ Rimmington",1,1,100.00,NULL,0,1,0,0,0.00
2,"NL McCullum",26,23,113.04,8.67,3,-1,0,1,23.08
30,"NLTC Perera",422,324,130.25,17.58,24,6,23,26,58.77
13,"NM Coulter-Nile",77,68,113.24,9.63,8,5,7,4,67.53
4,"NS Naik",31,53,58.49,7.75,4,0,2,0,25.81
94,"NV Ojha",1554,1360,114.26,21.00,74,20,121,79,61.65
22,"OA Shah",506,405,124.94,38.92,13,9,34,23,54.15
5,"P Awana",5,14,35.71,1.67,3,2,0,0,0.00
1,"P Chopra",8,6,133.33,8.00,1,0,2,0,100.00
12,"P Dogra",127,141,90.07,10.58,12,0,4,5,36.22
1,"P Dubey",7,13,53.85,NULL,0,1,0,0,0.00
57,"P Kumar",340,323,105.26,10.00,34,23,22,17,55.88
35,"P Negi",365,301,121.26,14.04,26,9,27,16,55.89
2,"P Parameswaran",1,3,33.33,NULL,0,2,0,0,0.00
1,"P Ray Barman",19,25,76.00,19.00,1,0,2,0,42.11
2,"P Sahu",19,13,146.15,NULL,0,2,1,1,52.63
3,"P Simran Singh",31,33,93.94,10.33,3,0,3,1,58.06
136,"PA Patel",2848,2442,116.63,22.43,127,9,365,49,61.59
10,"PA Reddy",164,167,98.20,16.40,10,0,15,2,43.90
5,"Pankaj Singh",7,12,58.33,3.50,2,3,0,0,0.00
4,"Parvez Rasool",17,20,85.00,8.50,2,2,1,0,23.53
23,"PC Valthaty",505,432,116.90,22.95,22,1,61,20,72.08
7,"PD Collingwood",203,159,127.67,50.75,4,3,9,13,56.16
19,"PJ Cummins",223,176,126.70,17.15,13,6,14,12,57.40
13,"PJ Sangwan",24,41,58.54,3.43,7,6,1,0,16.67
10,"PK Garg",133,116,114.66,14.78,9,1,9,4,45.11
1,"PM Sarvesh Kumar",1,2,50.00,NULL,0,1,0,0,0.00
75,"PP Chawla",584,541,107.95,11.68,50,25,54,18,55.48
19,"PP Ojha",16,45,35.56,1.60,10,9,0,0,0.00
38,"PP Shaw",826,605,136.53,22.32,37,1,99,27,67.55
9,"PR Shah",92,97,94.85,11.50,8,1,9,2,52.17
1,"PSP Handscomb",6,12,50.00,6.00,1,0,0,0,0.00
6,"PV Tambe",18,39,46.15,18.00,1,5,1,0,22.22
66,"Q de Kock",1959,1499,130.69,32.65,60,6,201,76,64.32
55,"R Ashwin",412,384,107.29,11.44,36,19,35,11,50.00
47,"R Bhatia",342,290,117.93,11.79,29,18,24,13,50.88
3,"R Bishnoi",19,17,111.76,6.33,3,0,1,2,84.21
16,"R Dhawan",153,135,113.33,21.86,7,9,13,4,49.67
82,"R Dravid",2174,1918,113.35,28.23,77,5,269,28,57.22
13,"R McLaren",159,178,89.33,19.88,8,5,14,1,38.99
1,"R Ninan",3,6,50.00,3.00,1,0,0,0,0.00
13,"R Parag",246,214,114.95,24.60,10,3,23,8,56.91
7,"R Rampaul",51,52,98.08,10.20,5,2,3,2,47.06
24,"R Sathish",270,236,114.41,16.88,16,8,22,6,45.93
19,"R Sharma",66,77,85.71,6.00,11,8,5,3,57.58
4,"R Shukla",19,23,82.61,9.50,2,2,2,0,42.11
23,"R Tewatia",366,280,130.71,28.15,13,10,24,20,59.02
42,"R Vinay Kumar",310,289,107.27,11.92,26,16,21,9,44.52
136,"RA Jadeja",2159,1774,121.70,24.53,88,48,157,76,50.21
44,"RA Tripathi",988,756,130.69,26.70,37,7,95,37,60.93
23,"Rashid Khan",139,99,140.40,8.69,16,7,8,11,70.50
1,"Rasikh Salam",5,4,125.00,NULL,0,1,0,0,0.00
2,"Ravi Bishnoi",7,12,58.33,7.00,1,1,1,0,57.14
6,"RD Chahar",17,17,100.00,8.50,2,4,2,0,47.06
6,"RD Gaikwad",204,173,117.92,68.00,3,3,16,6,49.02
6,"RE Levi",83,74,112.16,13.83,6,0,10,4,77.11
15,"RE van der Merwe",159,144,110.42,13.25,12,3,11,8,57.86
1,"RG More",2,2,100.00,NULL,0,1,0,0,0.00
194,"RG Sharma",5230,4088,127.94,29.55,177,17,458,214,59.58
21,"RJ Harris",117,112,104.46,9.75,12,9,6,3,35.90
5,"RJ Peterson",32,32,100.00,10.67,3,2,3,1,56.25
7,"RJ Quiney",103,105,98.10,14.71,7,0,12,3,64.08
2,"RK Bhui",7,18,38.89,3.50,2,0,0,0,0.00
8,"RK Singh",77,79,97.47,11.00,7,1,6,2,46.75
21,"RN ten Doeschate",326,238,136.97,19.18,17,4,26,15,59.51
28,"RP Singh",52,78,66.67,3.47,15,13,2,1,26.92
1,"RR Bhatkal",0,2,0.00,0.00,2,-1,0,0,NULL
68,"RR Pant",2079,1416,146.82,35.24,59,9,184,103,65.13
9,"RR Powar",67,64,104.69,22.33,3,6,6,1,44.78
5,"RR Raje",20,18,111.11,20.00,1,4,1,1,50.00
5,"RR Rossouw",53,51,103.92,8.83,6,-1,3,3,56.60
4,"RR Sarwan",73,78,93.59,24.33,3,1,6,1,41.10
22,"RS Bopara",531,468,113.46,27.95,19,3,39,16,47.46
1,"RS Gavaskar",2,8,25.00,2.00,1,0,0,0,0.00
1,"RS Sodhi",4,2,200.00,NULL,0,1,1,0,100.00
9,"RT Ponting",91,129,70.54,11.38,8,1,5,2,35.16
9,"RV Gomez",50,53,94.34,7.14,7,2,5,1,52.00
182,"RV Uthappa",4607,3658,125.94,27.26,169,13,454,163,60.65
12,"S Anirudha",136,121,112.40,17.00,8,4,9,7,57.35
10,"S Aravind",59,59,100.00,19.67,3,7,7,0,47.46
5,"S Badree",13,25,52.00,2.60,5,0,0,0,0.00
65,"S Badrinath",1441,1245,115.74,30.02,48,17,154,28,54.41
3,"S Chanderpaul",25,33,75.76,8.33,3,0,4,0,64.00
175,"S Dhawan",5197,4208,123.50,34.19,152,23,591,109,58.07
13,"S Dube",169,142,119.01,15.36,11,2,6,12,56.80
19,"S Gopal",164,161,101.86,13.67,12,7,17,1,45.12
7,"S Kaul",12,28,42.86,4.00,3,4,0,0,0.00
1,"S Kaushik",0,1,0.00,0.00,1,0,0,0,NULL
2,"S Ladda",0,10,0.00,0.00,2,0,0,0,NULL
1,"S Lamichhane",0,1,0.00,0.00,1,0,0,0,NULL
19,"S Nadeem",39,87,44.83,2.60,15,4,2,0,20.51
4,"S Narwal",37,29,127.59,9.25,4,0,6,0,64.86
8,"S Rana",91,82,110.98,18.20,5,3,9,1,46.15
1,"S Randiv",2,4,50.00,2.00,1,0,0,0,0.00
20,"S Sohal",368,311,118.33,20.44,18,2,34,18,66.30
12,"S Sreesanth",34,57,59.65,11.33,3,9,6,0,70.59
2,"S Sriram",31,38,81.58,15.50,2,0,3,0,38.71
1,"S Tyagi",3,4,75.00,NULL,0,1,0,0,0.00
8,"S Vidyut",145,115,126.09,18.13,8,0,21,3,70.34
2,"SA Abbott",15,13,115.38,15.00,1,1,1,1,66.67
19,"SA Asnodkar",423,352,120.17,22.26,19,0,56,10,67.14
86,"SA Yadav",2024,1536,131.77,31.14,65,21,221,58,60.87
10,"Sachin Baby",137,106,129.25,15.22,9,1,11,5,54.01
7,"Salman Butt",193,172,112.21,27.57,7,0,30,2,68.39
21,"Sandeep Sharma",44,59,74.58,8.80,5,16,3,0,27.27
7,"SB Bangar",49,58,84.48,8.17,6,1,1,3,44.90
5,"SB Jakati",28,30,93.33,14.00,2,3,3,0,42.86
2,"SB Joshi",6,16,37.50,3.00,2,0,0,0,0.00
10,"SB Styris",131,134,97.76,18.71,7,3,10,3,44.27
2,"SB Wagh",2,3,66.67,1.00,2,0,0,0,0.00
56,"SC Ganguly",1349,1326,101.73,24.98,54,2,137,42,59.30
8,"SD Chitnis",99,92,107.61,14.14,7,1,10,2,52.53
1,"SD Lad",15,13,115.38,15.00,1,0,1,1,66.67
1,"SE Bond",1,2,50.00,1.00,1,0,0,0,0.00
69,"SE Marsh",2477,1908,129.82,38.70,64,5,266,78,61.85
7,"SE Rutherford",73,55,132.73,14.60,5,2,2,7,68.49
1,"Shahbaz Ahmed",1,1,100.00,NULL,0,1,0,0,0.00
9,"Shahid Afridi",81,46,176.09,10.13,8,1,7,6,79.01
46,"Shakib Al Hasan",746,613,121.70,21.94,34,12,70,20,53.62
6,"Shivam Mavi",23,29,79.31,4.60,5,1,2,0,34.78
2,"Shivam Sharma",5,3,166.67,5.00,1,1,1,0,80.00
3,"Shoaib Ahmed",1,6,16.67,0.50,2,1,0,0,0.00
1,"Shoaib Akhtar",2,8,25.00,2.00,1,0,0,0,0.00
5,"Shoaib Malik",52,49,106.12,13.00,4,1,5,0,38.46
37,"Shubman Gill",939,766,122.58,34.78,27,10,87,24,52.40
4,"SJ Srivastava",5,5,100.00,5.00,1,3,0,0,0.00
189,"SK Raina",5368,4041,132.84,33.55,160,29,493,194,58.42
14,"SK Trivedi",42,61,68.85,5.25,8,6,3,1,42.86
27,"SK Warne",198,219,90.41,10.42,19,8,14,6,46.46
20,"SL Malinga",88,103,85.44,7.33,12,8,6,5,61.36
19,"SM Curran",281,200,140.50,23.42,12,7,25,15,67.62
2,"SM Harwood",9,14,64.29,NULL,0,2,0,0,0.00
11,"SM Katich",241,191,126.18,24.10,10,1,26,8,63.07
8,"SM Pollock",147,116,126.72,18.38,8,0,12,8,65.31
4,"SMSM Senanayake",10,17,58.82,10.00,1,3,0,0,0.00
25,"SN Khan",441,321,137.38,22.05,20,5,50,11,60.32
9,"SN Thakur",48,42,114.29,9.60,5,4,5,1,54.17
16,"SO Hetmyer",275,203,135.47,21.15,13,3,15,19,63.27
5,"Sohail Tanvir",36,31,116.13,12.00,3,2,3,1,50.00
10,"SP Fleming",196,171,114.62,21.78,9,1,27,3,64.29
21,"SP Goswami",293,307,95.44,14.65,20,1,32,3,49.83
3,"SP Jackson",38,31,122.58,19.00,2,1,5,0,52.63
63,"SP Narine",892,573,155.67,18.20,49,14,103,52,81.17
86,"SPD Smith",2333,1858,125.57,32.40,72,14,212,58,51.26
78,"SR Tendulkar",2334,2044,114.19,32.87,71,7,296,29,58.18
141,"SR Watson",3874,2888,134.14,30.99,125,16,376,190,68.25
1,"SS Cottrell",0,2,0.00,0.00,1,0,0,0,NULL
78,"SS Iyer",2200,1802,122.09,30.14,73,5,189,83,57.00
1,"SS Shaikh",6,7,85.71,NULL,0,1,1,0,66.67
69,"SS Tiwary",1379,1192,115.69,28.73,48,21,101,48,50.18
30,"ST Jayasuriya",768,573,134.03,26.48,29,1,84,39,74.22
66,"STR Binny",880,700,125.71,20.00,44,22,66,35,53.86
1,"Sunny Gupta",0,1,0.00,0.00,1,0,0,0,NULL
5,"Sunny Singh",43,31,138.71,10.75,4,1,6,1,69.77
102,"SV Samson",2584,1970,131.17,28.40,91,11,191,115,56.27
19,"SW Billings",334,256,130.47,17.58,19,0,31,10,55.09
5,"SW Tait",23,26,88.46,7.67,3,2,1,1,43.48
3,"Swapnil Singh",12,20,60.00,4.00,3,0,0,0,0.00
2,"T Banton",18,22,81.82,9.00,2,0,1,1,55.56
2,"T Henderson",11,16,68.75,11.00,1,1,0,1,54.55
3,"T Kohli",11,20,55.00,3.67,3,0,0,1,54.55
2,"T Natarajan",3,5,60.00,NULL,0,2,0,0,0.00
3,"T Taibu",31,26,119.23,10.33,3,0,3,0,38.71
4,"T Thushara",12,19,63.16,6.00,2,2,0,0,0.00
5,"TA Boult",12,15,80.00,4.00,3,2,0,1,50.00
2,"TD Paine",10,29,34.48,5.00,2,0,0,0,0.00
13,"TG Southee",115,91,126.37,19.17,6,7,8,4,48.70
8,"TK Curran",106,91,116.48,26.50,4,4,8,3,47.17
39,"TL Suman",676,587,115.16,22.53,30,9,55,26,55.62
50,"TM Dilshan",1153,1047,110.12,28.12,41,9,140,24,61.06
10,"TM Head",205,151,135.76,34.17,6,4,12,8,46.83
3,"TM Srivastava",8,11,72.73,8.00,1,2,0,0,0.00
5,"TR Birt",75,59,127.12,15.00,5,0,9,2,64.00
3,"TS Mills",8,11,72.73,2.67,3,0,0,1,75.00
2,"TU Deshpande",21,12,175.00,21.00,1,1,2,1,66.67
1,"U Kaul",0,1,0.00,NULL,0,1,0,0,NULL
1,"UA Birla",7,15,46.67,7.00,1,0,1,0,57.14
20,"UBT Chand",300,314,95.54,15.00,20,0,32,9,60.67
4,"Umar Gul",39,19,205.26,13.00,3,1,1,5,87.18
6,"UT Khawaja",127,105,120.95,25.40,5,1,14,3,58.27
34,"UT Yadav",122,135,90.37,8.71,14,20,11,4,55.74
184,"V Kohli",5878,4609,127.53,36.06,163,21,504,202,54.92
1,"V Pratap Singh",0,1,0.00,0.00,1,0,0,0,NULL
104,"V Sehwag",2728,1833,148.83,27.84,98,6,334,106,72.29
32,"V Shankar",654,528,123.86,31.14,21,11,44,25,49.85
2,"VH Zol",29,26,111.54,14.50,2,0,3,1,62.07
3,"Vishnu Vinod",19,26,73.08,6.33,3,0,1,1,52.63
12,"VR Aaron",50,73,68.49,12.50,4,8,2,2,40.00
2,"VRV Singh",4,3,133.33,4.00,1,1,1,0,100.00
2,"VS Malik",7,7,100.00,7.00,1,1,1,0,57.14
1,"VS Yeligati",2,2,100.00,2.00,1,0,0,0,0.00
20,"VVS Laxman",282,271,104.06,17.63,16,4,33,5,57.45
5,"VY Mahesh",15,28,53.57,7.50,2,3,0,0,0.00
8,"W Jaffer",130,129,100.78,18.57,7,1,14,3,56.92
8,"WA Mota",56,76,73.68,11.20,5,3,2,0,14.29
21,"Washington Sundar",186,154,120.78,15.50,12,9,15,6,51.61
12,"WD Parnell",63,80,78.75,7.00,9,3,4,1,34.92
97,"WP Saha",1979,1541,128.42,25.37,78,19,184,64,56.59
11,"WPUJC Vaas",81,73,110.96,11.57,7,4,2,3,32.10
1,"X Thalaivan Sargunam",10,17,58.82,10.00,1,0,0,0,0.00
1,"Y Gnaneswara Rao",19,18,105.56,19.00,1,0,3,0,63.16
20,"Y Nagar",285,271,105.17,19.00,15,5,20,9,47.02
1,"Y Prithvi Raj",0,1,0.00,NULL,0,1,0,0,NULL
52,"Y Venugopal Rao",985,865,113.87,23.45,42,10,77,37,53.81
1,"YA Abdulla",0,1,0.00,NULL,0,1,0,0,NULL
4,"Yashpal Singh",47,67,70.15,11.75,4,0,5,0,42.55
3,"YBK Jaiswal",40,44,90.91,13.33,3,0,2,2,50.00
153,"YK Pathan",3204,2330,137.51,28.86,111,42,262,159,62.48
1,"Younis Khan",3,7,42.86,3.00,1,0,0,0,0.00
14,"YS Chahal",22,54,40.74,4.40,5,9,0,0,0.00
126,"Yuvraj Singh",2750,2205,124.72,25.23,109,17,217,149,64.07
10,"YV Takawale",192,183,104.92,24.00,8,2,26,3,63.54
27,"Z Khan",117,141,82.98,7.80,15,12,11,2,47.86
